contact_id,email,first_name,last_name
4661,cecilia.velasco@rodrigues,Cecilia,Velasco
3765,mariana.ellis@rossi,Mariana,Ellis
4187,sofie.woods@riviere,Sofie,Woods
4941,jeanette.iannotti@yahoo,Jeanette,Iannotti
2199,samuel.sorgatz@gmail,Samuel,Sorgatz
5650,socorro.luna@hotmail,Socorro,Luna
5889,carolina.murray@knight,Carolina,Murray
4842,kayla.moon@yahoo,Kayla,Moon
3280,ariadna.geisel@rangel,Ariadna,Geisel
5468,danielle.ladeck@scalfaro,Danielle,Ladeck
3064,tatiana.thompson@hunt,Tatiana,Thompson
4904,caleb.benavides@rubio,Caleb,Benavides
1299,sandra.hardy@web,Sandra,Hardy
5602,lotti.morris@yahoo,Lotti,Morris
5753,reinhilde.white@voila,Reinhilde,White
4495,kerry.patel@hutchinson,Kerry,Patel
4269,sophie.antoine@andersen,Sophie,Antoine
2226,martha.girard@web,Martha,Girard
1558,stephanie.king@cervantes,Stephanie,King
2307,amanda.palmer@didier,Amanda,Palmer
2900,lina.alcala@vespa,Lina,Alcala
5695,itzel.murphy@muelichen,Itzel,Murphy
5708,filippo.parry@live,Filippo,Parry
1663,katelyn.cole@fiebig,Katelyn,Cole
3605,brian.novak@ford,Brian,Novak
4678,cilly.gay@callegaro,Cilly,Gay
2251,yolanda.snyder@gmx,Yolanda,Snyder
6202,evelin.odonnell@ibarra,Evelin,Odonnell
3715,ingeborg.alba@hotmail,Ingeborg,Alba
4242,marina.madrid@galarza,Marina,Madrid
4326,sheila.goodwin@yahoo,Sheila,Goodwin
5560,valeria.rich@turchetta,Valeria,Rich
4002,dustin.camacho@rhodes,Dustin,Camacho
3813,amalia.marenzio@grupo,Amalia,Marenzio
5336,gian.long@hotmail,Gian,Long
4994,stewart.hunt@anderson,Stewart,Hunt
1471,greca.ruiz@carr,Greca,Ruiz
4482,gerald.olivera@outlook,Gerald,Olivera
3241,jaqueline.wallace@gmail,Jaqueline,Wallace
3477,john.lane@gregoire,John,Lane
2265,pero.joly@bernard,Pero,Joly
5911,chad.turner@gmail,Chad,Turner
2288,adam.zavala@guichard,Adam,Zavala
4064,tyler.rivera@guajardo,Tyler,Rivera
1294,jens.graham@jones,Jens,Graham
5008,virginia.caetani@sosa,Virginia,Caetani
3604,martino.wagner@laposte,Martino,Wagner
3263,martin.meyer@davis,Martin,Meyer
5631,marguerite.walls@martinez,Marguerite,Walls
2851,peter.vogt@yahoo,Peter,Vogt
3714,nicholas.christian@hotmail,Nicholas,Christian
1664,susi.steinberg@preiss,Susi,Steinberg
5027,tammy.ramazzotti@gmail,Tammy,Ramazzotti
3070,abdul.thomas@vasari,Abdul,Thomas
4248,justin.luxardo@googlemail,Justin,Luxardo
2034,antonio.gibson@faust,Antonio,Gibson
4085,jeremy.gomez@oconnor,Jeremy,Gomez
3569,raymond.solorzano@gmail,Raymond,Solorzano
3889,flora.harris@hotmail,Flora,Harris
3136,cheryl.boyd@segni,Cheryl,Boyd
2103,rhys.leiva@gmx,Rhys,Leiva
2329,mariano.prieto@vodafone,Mariano,Prieto
3325,laurie.fibonacci@gmail,Laurie,Fibonacci
3131,david.rudolph@nelson,David,Rudolph
4995,bryan.ross@yahoo,Bryan,Ross
3631,ubaldo.brown@philippe,Ubaldo,Brown
5373,clelia.faulkner@hotmail,Clelia,Faulkner
3126,sara.erickson@yahoo,Sara,Erickson
2194,rupert.valle@filogamo,Rupert,Valle
2906,puccio.kitzmann@yahoo,Puccio,Kitzmann
2611,thomas.hutchinson@gmx,Thomas,Hutchinson
2374,abelardo.castro@gmail,Abelardo,Castro
3254,greco.walker@yahoo,Greco,Walker
3571,miranda.lacombe@longoria,Miranda,Lacombe
2812,diana.schuchhardt@libero,Diana,Schuchhardt
3961,stacey.knox@corporacin,Stacey,Knox
3872,glen.faivre@yahoo,Glen,Faivre
4736,andrew.torres@ruiz,Andrew,Torres
5119,denny.fritz@despacho,Denny,Fritz
5725,martyn.caldera@hotmail,Martyn,Caldera
4037,abigail.foster@taylor,Abigail,Foster
2109,anthony.hauffer@tlustek,Anthony,Hauffer
3283,roger.gerlach@may,Roger,Gerlach
6181,christopher.poirier@hotmail,Christopher,Poirier
3251,branka.traore@jacobi,Branka,Traore
3443,briana.etienne@bishop,Briana,Etienne
2988,brandon.olson@prince,Brandon,Olson
1673,celia.ungaretti@fox,Celia,Ungaretti
2085,barbara.guibert@casares,Barbara,Guibert
1672,daniela.bell@vollbrecht,Daniela,Bell
4426,phyllis.gurule@rodriguez,Phyllis,Gurule
3211,alejandra.joseph@escalante,Alejandra,Joseph
3190,giulio.bohlander@dbmail,Giulio,Bohlander
2081,amber.weller@toso,Amber,Weller
3185,mary.etzold@conrad,Mary,Etzold
5044,amy.georges@raedel,Amy,Georges
1883,jennifer.giraud@yahoo,Jennifer,Giraud
2067,rosie.peltier@voila,Rosie,Peltier
4604,oreste.ward@proyectos,Oreste,Ward
3203,luis.edwards@live,Luis,Edwards
5758,fiona.griffiths@curatoli,Fiona,Griffiths
5755,sally.raya@tarchetti,Sally,Raya
5150,carolyn.charpentier@hotmail,Carolyn,Charpentier
4181,nathalie.alvarez@live,Nathalie,Alvarez
3006,abril.lowery@novak,Abril,Lowery
4865,ottone.sullivan@hussain,Ottone,Sullivan
2862,esmeralda.sollima@visintini,Esmeralda,Sollima
6070,silvia.gierschner@tele2,Silvia,Gierschner
5300,kyle.cunningham@voila,Kyle,Cunningham
3486,anel.carpentier@klein,Anel,Carpentier
5989,sarah.davis@david,Sarah,Davis
2849,luke.klein@hotmail,Luke,Klein
1612,gudrun.mueller@dillon,Gudrun,Mueller
3307,melissa.canali@libero,Melissa,Canali
5288,gabrielle.ayala@hotmail,Gabrielle,Ayala
6026,laura.buckley@ryan,Laura,Buckley
2212,wilfrido.lorch@leclerc,Wilfrido,Lorch
4591,robert.bruder@manzoni,Robert,Bruder
2771,phillip.soliz@outlook,Phillip,Soliz
5682,alex.smith@fournier,Alex,Smith
5368,jessica.martinez@salieri,Jessica,Martinez
3706,kelly.carter@hotmail,Kelly,Carter
4034,ahmad.sosa@gmail,Ahmad,Sosa
3209,toralf.iglesias@borrego,Toralf,Iglesias
2384,irene.anichini@yahoo,Irene,Anichini
3074,alicia.cainero@yahoo,Alicia,Cainero
2031,tracey.laboy@bell,Tracey,Laboy
5873,donald.reynaud@green,Donald,Reynaud
5501,venancio.stadelmann@gmx,Venancio,Stadelmann
3489,seth.olivier@yahoo,Seth,Olivier
4210,dennis.boaga@gmx,Dennis,Boaga
6151,pedro.wilson@outlook,Pedro,Wilson
6047,roland.weihmann@gmail,Roland,Weihmann
5445,hector.morrison@web,Hector,Morrison
5493,evangelos.peters@sanchez,Evangelos,Peters
6036,gerardo.hamilton@libero,Gerardo,Hamilton
2368,meta.cuzzocrea@howard,Meta,Cuzzocrea
1501,alma.raymond@tin,Alma,Raymond
4351,kathleen.solimena@wallace,Kathleen,Solimena
3096,zacharie.cordier@gmail,Zacharie,Cordier
6162,riza.techer@yahoo,Riza,Techer
1433,enrique.guillen@hotmail,Enrique,Guillen
2720,tristan.weeks@pena,Tristan,Weeks
5251,natalie.lerma@boucher,Natalie,Lerma
1797,rodney.hamon@hotmail,Rodney,Hamon
1656,adalberto.lombardo@sfr,Adalberto,Lombardo
1346,florencia.querini@gmail,Florencia,Querini
2989,liam.rolland@yahoo,Liam,Rolland
5629,ian.kelly@reeves,Ian,Kelly
3456,mehdi.todd@web,Mehdi,Todd
3229,rembrandt.liguori@davis,Rembrandt,Liguori
2277,irmi.schweitzer@ozuna,Irmi,Schweitzer
1276,gioffre.stein@hotmail,Gioffre,Stein
3694,frida.villarreal@hotmail,Frida,Villarreal
2260,steffen.mangold@paul,Steffen,Mangold
5374,elias.marin@herve,Elias,Marin
4420,roman.gonzalez@anderson,Roman,Gonzalez
3849,reina.middleton@hotmail,Reina,Middleton
1638,sandro.moran@hotmail,Sandro,Moran
5230,gebhard.thanel@gmail,Gebhard,Thanel
1763,antonino.bolander@gmail,Antonino,Bolander
4323,karl.trevisani@anguissola,Karl,Trevisani
5256,silvester.brookes@franco,Silvester,Brookes
4836,octavio.pratt@web,Octavio,Pratt
5981,rebecca.greer@hotmail,Rebecca,Greer
1463,pierina.gaggini@free,Pierina,Gaggini
4577,robin.schleich@rogers,Robin,Schleich
4951,sergio.abbott@moore,Sergio,Abbott
3567,gilberto.evans@salcedo,Gilberto,Evans
5475,james.elliott@gmail,James,Elliott
2114,timoteo.bolnbach@laboratorios,Timoteo,Bolnbach
5216,tonino.stanley@hotmail,Tonino,Stanley
1665,margaretha.murialdo@meunier,Margaretha,Murialdo
6051,bianca.drubin@libero,Bianca,Drubin
3983,kaylee.hoffmann@poulain,Kaylee,Hoffmann
2966,teresa.vecellio@yahoo,Teresa,Vecellio
4478,emine.tacchini@dbmail,Emine,Tacchini
4238,dawn.cortez@gmail,Dawn,Cortez
4404,emily.cundari@clark,Emily,Cundari
5666,eleanor.hall@hotmail,Eleanor,Hall
3691,monique.delgadillo@hotmail,Monique,Delgadillo
2703,arnaude.warner@gmail,Arnaude,Warner
4253,jason.howell@gmx,Jason,Howell
5652,nicole.mccullough@hall,Nicole,Mccullough
3279,rosmarie.esquibel@bouygtel,Rosmarie,Esquibel
3233,leonor.ferreira@gmail,Leonor,Ferreira
3017,brett.jones@alice,Brett,Jones
3482,nino.bien@gmail,Nino,Bien
2166,jemma.tate@hotmail,Jemma,Tate
4146,denis.rogers@poste,Denis,Rogers
2651,vanesa.khan@voila,Vanesa,Khan
1409,victoria.ojeda@doehn,Victoria,Ojeda
3717,eugenio.martin@yahoo,Eugenio,Martin
3963,nancy.hayes@hotmail,Nancy,Hayes
2152,lara.jacob@buckley,Lara,Jacob
2974,gino.hernandez@covarrubias,Gino,Hernandez
1268,vicente.tijerina@montanariello,Vicente,Tijerina
1822,michele.brambilla@yahoo,Michele,Brambilla
5066,dana.ritacca@gmail,Dana,Ritacca
5075,mitchell.bachmann@suarez,Mitchell,Bachmann
3855,vincenza.key@adams,Vincenza,Key
5923,salvador.gaillard@yahoo,Salvador,Gaillard
1867,diane.rogner@kelly,Diane,Rogner
4376,josette.laine@saracino,Josette,Laine
2785,courtney.fiebig@doerschner,Courtney,Fiebig
5884,hugues.oliver@stiffel,Hugues,Oliver
2441,espartaco.willis@hotmail,Espartaco,Willis
1243,flavia.yoder@hotmail,Flavia,Yoder
3411,casey.flores@baggio,Casey,Flores
2467,calogero.cross@mercantini,Calogero,Cross
1850,charles.begum@laboratorios,Charles,Begum
2604,adina.pollard@outlook,Adina,Pollard
1693,natasha.lara@outlook,Natasha,Lara
2969,benita.pottier@sfr,Benita,Pottier
1544,elizabeth.valdivia@gmail,Elizabeth,Valdivia
4149,mattia.huet@aol,Mattia,Huet
3463,geza.howard@voila,Geza,Howard
2939,lauren.guillaume@sorgatz,Lauren,Guillaume
2202,joanna.baxter@bruce,Joanna,Baxter
1728,tracy.metz@bryant,Tracy,Metz
5362,birgit.pena@armellini,Birgit,Pena
4840,elvira.papafava@ifrance,Elvira,Papafava
2955,ernest.delorme@dowerg,Ernest,Delorme
5354,christy.grossi@alarcon,Christy,Grossi
3847,hermelinda.olmos@portillo,Hermelinda,Olmos
3025,herbert.fraser@holloway,Herbert,Fraser
1615,giancarlo.heydrich@hotmail,Giancarlo,Heydrich
5154,constance.maldonado@spiess,Constance,Maldonado
5005,giampiero.carlier@hotmail,Giampiero,Carlier
1349,carlo.jacquot@hotmail,Carlo,Jacquot
3670,gabriel.robles@yahoo,Gabriel,Robles
2912,gerd.gunpf@gmail,Gerd,Gunpf
4336,ashley.hellwig@libero,Ashley,Hellwig
5576,patrick.rosas@yahoo,Patrick,Rosas
2736,lilla.leonard@jungfer,Lilla,Leonard
3321,tony.nicolas@morrocco,Tony,Nicolas
3353,allegra.benedetti@miller,Allegra,Benedetti
2336,camille.tafuri@aol,Camille,Tafuri
4369,juan.wheeler@gilmore,Juan,Wheeler
4464,leopoldo.johnson@hotmail,Leopoldo,Johnson
5626,dietmar.grenier@tele2,Dietmar,Grenier
1669,leonid.scholl@collin,Leonid,Scholl
5544,olivie.contarini@marshall,Olivie,Contarini
6078,jeffery.lacroix@medina,Jeffery,Lacroix
2580,edeltraud.chavez@hotmail,Edeltraud,Chavez
3592,mesut.morvan@gmail,Mesut,Morvan
4914,gregory.jackson@ortiz,Gregory,Jackson
3848,nicola.rossi@berry,Nicola,Rossi
2619,eddie.collazo@gmail,Eddie,Collazo
4605,philippe.gardner@howells,Philippe,Gardner
6147,roy.fox@tejeda,Roy,Fox
1383,heiderose.garcia@noos,Heiderose,Garcia
1757,claudine.rowley@industrias,Claudine,Rowley
4390,astrid.roht@fastwebnet,Astrid,Roht
4165,auguste.burnett@yahoo,Auguste,Burnett
4529,pellegrino.allen@gmail,Pellegrino,Allen
6084,angela.bowers@laboratorios,Angela,Bowers
2916,michael.descamps@gmail,Michael,Descamps
2005,heidelore.kennedy@guinizzelli,Heidelore,Kennedy
2261,lucrezia.koch@petit,Lucrezia,Koch
5342,ivan.accardo@web,Ivan,Accardo
4087,karen.avogadro@yahoo,Karen,Avogadro
2761,laetitia.gallet@aubry,Laetitia,Gallet
2908,amico.gosselin@shaw,Amico,Gosselin
2155,ilaria.bowen@hotmail,Ilaria,Bowen
5642,marlen.coardi@colletti,Marlen,Coardi
6217,rafael.alexander@jenkins,Rafael,Alexander
4222,herma.gabbana@hotmail,Herma,Gabbana
4798,zachary.vespucci@industrias,Zachary,Vespucci
5660,marisol.richard@gmail,Marisol,Richard
5000,joseph.glover@laposte,Joseph,Glover
2809,lauretta.neal@hotmail,Lauretta,Neal
3349,simone.sauvage@yahoo,Simone,Sauvage
3647,ramona.brooks@kensy,Ramona,Brooks
5745,gioele.schwital@moody,Gioele,Schwital
2583,elena.jimenez@yahoo,Elena,Jimenez
5441,pam.vargas@guillot,Pam,Vargas
2090,alison.morales@lewis,Alison,Morales
3386,marc.aumann@holland,Marc,Aumann
1816,carla.butler@yahoo,Carla,Butler
4718,dionigi.bruce@industrias,Dionigi,Bruce
1677,frank.henry@yahoo,Frank,Henry
4218,brent.pons@proyectos,Brent,Pons
4548,patricia.liebelt@baca,Patricia,Liebelt
1431,micheletto.sykes@thompson,Micheletto,Sykes
2830,rose.blanc@grupo,Rose,Blanc
4400,vincent.singh@gmail,Vincent,Singh
5773,jamie.peacock@interiano,Jamie,Peacock
4161,giorgia.dijoux@paul,Giorgia,Dijoux
2062,serena.piacentini@yahoo,Serena,Piacentini
3458,dimitri.posada@gmail,Dimitri,Posada
3174,alexa.barillaro@ramos,Alexa,Barillaro
5565,megan.kuhl@despacho,Megan,Kuhl
1906,kaitlyn.farinelli@outlook,Kaitlyn,Farinelli
5479,jonathan.castellitto@libero,Jonathan,Castellitto
4320,lisa.terragni@proyectos,Lisa,Terragni
4213,olivier.petrucelli@letta,Olivier,Petrucelli
3373,jos.trobbiani@samson,Jos,Trobbiani
4184,mirjam.dawson@yahoo,Mirjam,Dawson
5472,javier.tessier@mclaughlin,Javier,Tessier
5559,mirjana.collins@hotmail,Mirjana,Collins
5419,vanessa.tschentscher@mitchell,Vanessa,Tschentscher
4171,antonina.cobb@gibson,Antonina,Cobb
1302,bernard.durand@royer,Bernard,Durand
3520,corey.greggio@johnson,Corey,Greggio
6010,rodolfo.couturier@tim,Rodolfo,Couturier
4617,pierre.cardenas@luzi,Pierre,Cardenas
1417,romeo.surian@batista,Romeo,Surian
4770,ivo.moreno@hotmail,Ivo,Moreno
4328,federico.marie@jourdan,Federico,Marie
5171,maggie.boito@yahoo,Maggie,Boito
4394,brianna.hanson@stanley,Brianna,Hanson
1794,heiko.bourgeois@togliatti,Heiko,Bourgeois
3510,benito.gritti@gmail,Benito,Gritti
2487,mitzy.junk@zaragoza,Mitzy,Junk
2215,samantha.lowe@praga,Samantha,Lowe
4136,ernesto.nerger@middleton,Ernesto,Nerger
3723,melinda.canova@orange,Melinda,Canova
5842,mohammad.hartung@hotmail,Mohammad,Hartung
3289,ben.maillot@ramos,Ben,Maillot
1249,isabel.pruschke@gmail,Isabel,Pruschke
5409,linda.franceschi@richards,Linda,Franceschi
2951,olivia.striebitz@gmail,Olivia,Striebitz
3432,penny.watson@matthews,Penny,Watson
2297,manfred.james@davies,Manfred,James
6161,hazel.pierce@outlook,Hazel,Pierce
4603,alf.bates@dunn,Alf,Bates
5818,scott.gough@industrias,Scott,Gough
4270,konrad.briones@fierro,Konrad,Briones
6007,mathilde.kruschwitz@yahoo,Mathilde,Kruschwitz
4084,irma.gemito@googlemail,Irma,Gemito
1340,antoine.guyon@yahoo,Antoine,Guyon
5675,william.gibilisco@gaillard,William,Gibilisco
2010,judith.butte@fischer,Judith,Butte
6201,joanne.henderson@gmail,Joanne,Henderson
1791,ludovica.arellano@morandi,Ludovica,Arellano
3314,catherine.gray@hotmail,Catherine,Gray
5852,franco.fioravanti@barry,Franco,Fioravanti
4618,heather.zimmer@bluemel,Heather,Zimmer
2618,hortense.taylor@chambers,Hortense,Taylor
4967,livia.ernst@colas,Livia,Ernst
4594,toby.etzler@industrias,Toby,Etzler
2080,ennio.leoncavallo@sanchez,Ennio,Leoncavallo
2793,philippine.vaca@hotmail,Philippine,Vaca
4890,rhonda.phillips@yahoo,Rhonda,Phillips
3528,alphonse.nitto@voila,Alphonse,Nitto
5810,karina.arreola@yahoo,Karina,Arreola
5720,denise.wood@mantegna,Denise,Wood
4593,burghard.rosenow@hotmail,Burghard,Rosenow
3186,friedl.powell@laposte,Friedl,Powell
5136,benjamin.schultz@rivero,Benjamin,Schultz
2646,rachel.ulibarri@schueler,Rachel,Ulibarri
3460,silvano.blanchet@yahoo,Silvano,Blanchet
4345,kurt.sauer@almanza,Kurt,Sauer
2690,nayeli.gehringer@hotmail,Nayeli,Gehringer
4025,imelda.guerin@stumpf,Imelda,Guerin
4524,zbigniew.holmes@stiffel,Zbigniew,Holmes
3978,adela.alfonsi@despacho,Adela,Alfonsi
3910,hilary.clark@libero,Hilary,Clark
5825,kornelius.molina@heuser,Kornelius,Molina
3564,christian.anderson@tim,Christian,Anderson
2396,francisco.dorsey@tiscali,Francisco,Dorsey
2140,walli.albert@dussen,Walli,Albert
3079,siegrun.mota@matthews,Siegrun,Mota
2017,alberico.herve@beer,Alberico,Herve
5444,serafina.bonnin@mendes,Serafina,Bonnin
2216,marcelle.bender@edwards,Marcelle,Bender
1241,hartmuth.robertson@thomas,Hartmuth,Robertson
1484,herlinde.george@free,Herlinde,George
3475,pamela.payne@yahoo,Pamela,Payne
4333,gastone.beyer@stewart,Gastone,Beyer
5657,lydia.berengario@aol,Lydia,Berengario
2527,lucy.davidson@tele2,Lucy,Davidson
5967,franck.wade@gute,Franck,Wade
5698,heidi.barker@gmail,Heidi,Barker
3331,arnaldo.ocasio@hotmail,Arnaldo,Ocasio
3841,francis.bernier@rodriguez,Francis,Bernier
6105,johanne.strong@yahoo,Johanne,Strong
3895,debra.langlois@schmiedecke,Debra,Langlois
1891,reingard.kambs@sagese,Reingard,Kambs
1281,mauro.ortiz@oquendo,Mauro,Ortiz
4186,griselda.carranza@krause,Griselda,Carranza
2511,janet.madrigal@gmail,Janet,Madrigal
4272,jenna.day@reed,Jenna,Day
3533,modesto.wright@pareto,Modesto,Wright
3618,alice.wall@zaccardo,Alice,Wall
2177,brenda.sontag@solari,Brenda,Sontag
4102,sergius.mace@palazzo,Sergius,Mace
6089,antonia.kline@gmail,Antonia,Kline
4701,maurice.gumprich@griffin,Maurice,Gumprich
5645,daniel.anders@yahoo,Daniel,Anders
4499,zaira.cattaneo@yahoo,Zaira,Cattaneo
3365,alessio.bruneau@hotmail,Alessio,Bruneau
2290,gerdi.guerrero@tele2,Gerdi,Guerrero
1890,brigitte.stiebitz@gmail,Brigitte,Stiebitz
1304,june.sinisi@manzoni,June,Sinisi
3799,carl.macias@yahoo,Carl,Macias
2749,veronica.trapp@tiscali,Veronica,Trapp
2028,frances.garnier@aporti,Frances,Garnier
2383,terri.iannelli@hotmail,Terri,Iannelli
5721,odette.moore@hall,Odette,Moore
1394,mercedes.trujillo@aol,Mercedes,Trujillo
3451,babette.dumas@brady,Babette,Dumas
5512,jerry.santiago@soprano,Jerry,Santiago
2453,ronald.simpson@ovadia,Ronald,Simpson
6055,emmanuel.dominguez@gmail,Emmanuel,Dominguez
5704,christiane.ricciardi@zavala,Christiane,Ricciardi
3707,ingolf.zamora@yahoo,Ingolf,Zamora
2205,rita.sharp@beard,Rita,Sharp
5976,geraldine.cabrera@green,Geraldine,Cabrera
3290,chantal.armas@jenkins,Chantal,Armas
4257,louis.gilbert@gmail,Louis,Gilbert
4588,michelle.collier@peruzzi,Michelle,Collier
4785,guillermina.nicholson@grondin,Guillermina,Nicholson
3033,bertrand.hopkins@gmail,Bertrand,Hopkins
2779,alonso.palomo@gehringer,Alonso,Palomo
2131,tina.rodriguez@web,Tina,Rodriguez
6229,eva.francis@parker,Eva,Francis
3429,ottavio.rust@crespi,Ottavio,Rust
1613,amelia.olvera@hotmail,Amelia,Olvera
4734,paul.palladio@mclaughlin,Paul,Palladio
4439,bernardo.wieloch@budig,Bernardo,Wieloch
1441,umberto.hicks@hill,Umberto,Hicks
5799,janko.bishop@tim,Janko,Bishop
1419,jessika.meunier@gmx,Jessika,Meunier
3059,isaac.benard@googlemail,Isaac,Benard
3224,alexandrie.lambert@yahoo,Alexandrie,Lambert
3181,roberto.guyot@bennett,Roberto,Guyot
6061,giulietta.lucas@club,Giulietta,Lucas
4466,damaris.pininfarina@gmail,Damaris,Pininfarina
6081,fabrizia.renard@higgins,Fabrizia,Renard
2159,camillo.dehmel@brown,Camillo,Dehmel
3324,ruggero.parpinel@gmail,Ruggero,Parpinel
3176,stephen.pratesi@hotmail,Stephen,Pratesi
5874,ludger.naccari@ingram,Ludger,Naccari
5110,meryem.tapia@yahoo,Meryem,Tapia
5490,jasmine.juvara@yahoo,Jasmine,Juvara
1922,victoire.travaglia@zacchia,Victoire,Travaglia
4398,adrian.noel@perrin,Adrian,Noel
4754,marvin.howe@gmail,Marvin,Howe
3309,hanne.kidd@yahoo,Hanne,Kidd
1244,donatello.millet@fritsch,Donatello,Millet
2892,eloisa.pascarella@gmail,Eloisa,Pascarella
2777,erica.zambrano@gmail,Erica,Zambrano
4952,paula.canales@gilmore,Paula,Canales
5144,claudia.bernard@mazzanti,Claudia,Bernard
5487,paulina.miller@lewis,Paulina,Miller
1932,kathrin.godfrey@tele2,Kathrin,Godfrey
3364,pina.passalacqua@yahoo,Pina,Passalacqua
5165,julien.miles@stevens,Julien,Miles
3858,suzanne.benigni@mennea,Suzanne,Benigni
4666,annalisa.pugh@hotmail,Annalisa,Pugh
2896,mathew.maestas@casas,Mathew,Maestas
4520,laszlo.vallee@verdier,Laszlo,Vallee
5726,helen.polanco@hotmail,Helen,Polanco
5661,mateo.sorrentino@calderon,Mateo,Sorrentino
4765,eric.barnes@barrett,Eric,Barnes
3710,dragica.west@yahoo,Dragica,West
4925,antje.voisin@gmail,Antje,Voisin
1533,stanley.mills@parker,Stanley,Mills
5264,brandy.meraz@yahoo,Brandy,Meraz
4606,conor.reinhardt@yahoo,Conor,Reinhardt
2043,gabino.blot@lewis,Gabino,Blot
3871,alvaro.lemus@yahoo,Alvaro,Lemus
6205,patrizia.wilms@dbmail,Patrizia,Wilms
3193,metin.coulon@ashley,Metin,Coulon
1810,reece.valencia@laboy,Reece,Valencia
4797,troy.schmiedecke@picard,Troy,Schmiedecke
1487,wendy.bustos@libero,Wendy,Bustos
3474,guglielmo.caldwell@loeffler,Guglielmo,Caldwell
5771,travis.cowan@turner,Travis,Cowan
6074,brandi.abbagnale@tele2,Brandi,Abbagnale
1568,hanno.gollum@smith,Hanno,Gollum
4263,jutta.burke@elliott,Jutta,Burke
5850,dorothe.paz@fiebig,Dorothe,Paz
5619,desiree.huerta@morris,Desiree,Huerta
1904,ilse.bray@venturi,Ilse,Bray
5388,pierpaolo.scaduto@sanders,Pierpaolo,Scaduto
2150,amedeo.bradford@yahoo,Amedeo,Bradford
2653,julia.ali@yahoo,Julia,Ali
2687,catalina.pizzetti@tim,Catalina,Pizzetti
3779,dylan.porzio@yahoo,Dylan,Porzio
1494,iris.trincavelli@tiscali,Iris,Trincavelli
4129,johnathan.guidotti@cox,Johnathan,Guidotti
3035,walburga.vollbrecht@aol,Walburga,Vollbrecht
2069,kendra.david@allan,Kendra,David
5469,aleksandr.weiss@blanc,Aleksandr,Weiss
3903,cornelio.guardado@gmail,Cornelio,Guardado
4083,ferdi.blackburn@christensen,Ferdi,Blackburn
4003,bill.gallagher@green,Bill,Gallagher
3565,leonard.harvey@hotmail,Leonard,Harvey
1640,milan.montenegro@langern,Milan,Montenegro
4769,philip.perez@hotmail,Philip,Perez
3398,kathryn.hentschel@shaw,Kathryn,Hentschel
1865,xavier.samson@baggio,Xavier,Samson
5690,hartwig.roberts@saraceno,Hartwig,Roberts
3814,kimberly.chan@gmail,Kimberly,Chan
2942,lorraine.crawford@gmail,Lorraine,Crawford
5095,maximiliano.knowles@gmail,Maximiliano,Knowles
2878,gabriella.avila@gmail,Gabriella,Avila
3697,rico.mortati@faivre,Rico,Mortati
4744,gail.petrocelli@yahoo,Gail,Petrocelli
2104,liberto.niemeier@germano,Liberto,Niemeier
4883,luciana.petitjean@patterson,Luciana,Petitjean
4807,ron.cavazos@yahoo,Ron,Cavazos
1372,aldo.cibin@gmx,Aldo,Cibin
3666,alexandre.serrano@yahoo,Alexandre,Serrano
2066,lori.fagotto@hill,Lori,Fagotto
1834,perla.figueroa@live,Perla,Figueroa
5853,reginald.hughes@gmail,Reginald,Hughes
2219,uriel.holt@gmail,Uriel,Holt
4148,stefano.lemonnier@binner,Stefano,Lemonnier
4477,madeleine.cooper@poste,Madeleine,Cooper
1786,alban.barbier@ortiz,Alban,Barbier
3455,alfonso.finetti@quiroz,Alfonso,Finetti
5707,ryan.kim@noos,Ryan,Kim
5470,augustin.wohlgemut@watson,Augustin,Wohlgemut
3274,rolando.bibi@tin,Rolando,Bibi
4613,berthold.randall@mcdonald,Berthold,Randall
4465,genaro.briand@sfr,Genaro,Briand
1652,rudolf.jenkins@hotmail,Rudolf,Jenkins
2100,pauline.ackermann@arredondo,Pauline,Ackermann
4321,folker.swanson@rodrigues,Folker,Swanson
4168,ashleigh.montez@perry,Ashleigh,Montez
3733,liliana.barber@libero,Liliana,Barber
2594,caridad.carr@huhn,Caridad,Carr
3909,lolita.borrego@gmail,Lolita,Borrego
5179,gunar.patrick@leroy,Gunar,Patrick
2228,leokadia.verdier@hotmail,Leokadia,Verdier
6222,hanna.reid@salas,Hanna,Reid
2354,edelgard.kreusel@hotmail,Edelgard,Kreusel
1725,svenja.perrin@berger,Svenja,Perrin
2960,pierluigi.taccola@gmx,Pierluigi,Taccola
2077,cilli.watts@yahoo,Cilli,Watts
5662,emiliano.wells@gmx,Emiliano,Wells
3481,april.davids@fisher,April,Davids
2565,dolores.didier@yahoo,Dolores,Didier
4436,sylvia.bonomo@poulain,Sylvia,Bonomo
5072,nelly.marsh@hotmail,Nelly,Marsh
5200,beth.miniati@hudson,Beth,Miniati
4502,renee.merino@gmail,Renee,Merino
4945,hailey.russell@jourdan,Hailey,Russell
3012,raphaela.gotthard@outlook,Raphaela,Gotthard
6094,pomponio.comencini@hotmail,Pomponio,Comencini
3815,leone.richardson@yahoo,Leone,Richardson
4838,valentine.acosta@peters,Valentine,Acosta
3469,ricciotti.laureano@parsons,Ricciotti,Laureano
4874,jacques.heidrich@zamudio,Jacques,Heidrich
1792,anne.snow@gmail,Anne,Snow
4356,sonia.volta@gmx,Sonia,Volta
6196,dale.leblanc@stewart,Dale,Leblanc
3578,alejandro.cruz@hotmail,Alejandro,Cruz
4491,elsa.cugia@yahoo,Elsa,Cugia
3054,geronimo.pechel@hotmail,Geronimo,Pechel
1968,melania.klemm@seidel,Melania,Klemm
5869,katherine.cooley@yahoo,Katherine,Cooley
5858,guillermo.larsen@yahoo,Guillermo,Larsen
5203,jill.barrios@gmail,Jill,Barrios
2577,austin.musatti@tin,Austin,Musatti
3216,jacinto.rose@yahoo,Jacinto,Rose
2037,lucie.redi@googlemail,Lucie,Redi
3867,tania.chapman@remy,Tania,Chapman
5109,alexandria.best@yahoo,Alexandria,Best
1376,edward.scott@yahoo,Edward,Scott
5260,jake.wiley@outlook,Jake,Wiley
2350,claudio.reuter@morgan,Claudio,Reuter
2269,laure.traetta@kay,Laure,Traetta
3650,magarete.valentin@yahoo,Magarete,Valentin
3934,paige.hill@jones,Paige,Hill
4048,fulvio.curiel@reynolds,Fulvio,Curiel
4266,thibaut.camarillo@hotmail,Thibaut,Camarillo
3863,romana.blanchard@googlemail,Romana,Blanchard
4922,thibault.savorgnan@butler,Thibault,Savorgnan
4517,alexander.pausini@gonzalez,Alexander,Pausini
3259,pierangelo.scholtz@lefevre,Pierangelo,Scholtz
3123,emmanuelle.keller@morton,Emmanuelle,Keller
3870,isabella.deleon@web,Isabella,Deleon
2996,timothy.weitzel@gmail,Timothy,Weitzel
2993,alfredo.ingram@hotmail,Alfredo,Ingram
4556,francesca.kade@luna,Francesca,Kade
2326,tonia.coleman@hotmail,Tonia,Coleman
4109,gottfried.barbe@hotmail,Gottfried,Barbe
5739,jeffrey.trommler@yahoo,Jeffrey,Trommler
5887,giacobbe.owens@huet,Giacobbe,Owens
1651,conchita.pagliaro@googlemail,Conchita,Pagliaro
1628,kevin.delahaye@ellis,Kevin,Delahaye
2642,rouven.ovadia@gmail,Rouven,Ovadia
6020,piermaria.laporte@wesack,Piermaria,Laporte
4747,karolin.johann@hotmail,Karolin,Johann
5534,steven.folliero@noos,Steven,Folliero
4790,livio.rosselli@green,Livio,Rosselli
4632,gaetano.leonardi@despacho,Gaetano,Leonardi
1952,cynthia.robinson@gilles,Cynthia,Robinson
4388,eleni.aponte@club,Eleni,Aponte
5529,noelia.romo@yahoo,Noelia,Romo
1316,evelyn.haynes@clark,Evelyn,Haynes
1670,katharine.zaccagnini@hotmail,Katharine,Zaccagnini
4909,lea.merle@stey,Lea,Merle
3401,marta.huynh@hernandez,Marta,Huynh
4619,amador.riley@hotmail,Amador,Riley
4722,julie.coles@hotmail,Julie,Coles
2188,beverley.telesio@regnier,Beverley,Telesio
5497,corinne.mitschke@hauffer,Corinne,Mitschke
5711,valerie.ortega@tele2,Valerie,Ortega
4076,carlos.delle@hicks,Carlos,Delle
1847,christina.besnard@delorme,Christina,Besnard
2816,rosario.jacques@yahoo,Rosario,Jacques
5019,celal.fischer@aol,Celal,Fischer
4869,leonardo.guzman@andreozzi,Leonardo,Guzman
3613,clinton.mason@yahoo,Clinton,Mason
3069,loretta.mallet@sansoni,Loretta,Mallet
2601,lorenzo.roero@hotmail,Lorenzo,Roero
2133,lando.gutierrez@heser,Lando,Gutierrez
3164,elaine.patterson@rose,Elaine,Patterson
3897,marcella.govoni@barkholz,Marcella,Govoni
5663,ettore.amaldi@germain,Ettore,Amaldi
3879,rufino.gallegos@webster,Rufino,Gallegos
5900,georges.richards@macdonald,Georges,Richards
2272,janice.infantino@hotmail,Janice,Infantino
5436,svetlana.montanariello@putz,Svetlana,Montanariello
3676,agnolo.cedillo@laboratorios,Agnolo,Cedillo
4676,hannah.jockel@ceravolo,Hannah,Jockel
1563,yvonne.stout@sims,Yvonne,Stout
4349,anouk.pace@gmail,Anouk,Pace
1658,esteban.valdez@hotmail,Esteban,Valdez
2552,angelina.davies@hotmail,Angelina,Davies
4847,anastasie.cadena@live,Anastasie,Cadena
1553,hansjoachim.lettiere@hall,Hansjoachim,Lettiere
2632,yeni.tejada@olson,Yeni,Tejada
1908,dulce.adinolfi@hotmail,Dulce,Adinolfi
5801,sean.mielcarek@gmail,Sean,Mielcarek
1935,omar.fonseca@grupo,Omar,Fonseca
2609,henry.gucci@leleu,Henry,Gucci
2740,samira.bottaro@vasseur,Samira,Bottaro
1907,korinna.arnold@zapata,Korinna,Arnold
1831,marcela.ferrante@gmx,Marcela,Ferrante
5177,douglas.amaya@favata,Douglas,Amaya
6179,katherina.barrientos@trobbiani,Katherina,Barrientos
2917,brittany.tran@tele2,Brittany,Tran
1486,caroline.reeves@yahoo,Caroline,Reeves
3735,joe.michaud@yahoo,Joe,Michaud
3838,marco.vittadello@gmail,Marco,Vittadello
2430,kim.webb@yahoo,Kim,Webb
2480,eugenia.zichichi@yahoo,Eugenia,Zichichi
3431,aurore.rosemann@leoncavallo,Aurore,Rosemann
1742,giustino.luzi@rolland,Giustino,Luzi
4628,anita.galindo@gmail,Anita,Galindo
2385,gunhild.carrillo@elliott,Gunhild,Carrillo
2213,rosa.paul@bien,Rosa,Paul
5188,marliese.oneal@gmail,Marliese,Oneal
3418,bethany.hartmann@yahoo,Bethany,Hartmann
5637,irina.martineau@gmail,Irina,Martineau
3530,beatriz.moulin@pinto,Beatriz,Moulin
3731,lucas.austin@gmail,Lucas,Austin
3219,carole.nohlmans@yahoo,Carole,Nohlmans
2392,bozena.schmitt@vallet,Bozena,Schmitt
5103,aimee.foconi@outlook,Aimee,Foconi
3992,marzena.carrero@roskoth,Marzena,Carrero
2442,raisa.poulain@fastwebnet,Raisa,Poulain
2913,marcantonio.bennett@hopkins,Marcantonio,Bennett
1631,kenneth.hurst@meunier,Kenneth,Hurst
4073,marisela.mende@godoy,Marisela,Mende
4568,blanka.villareal@monduzzi,Blanka,Villareal
1830,tomislav.stoppani@corporacin,Tomislav,Stoppani
2623,krystal.ammaniti@barbier,Krystal,Ammaniti
4327,deanna.aporti@bouygtel,Deanna,Aporti
3713,donatella.burns@yahoo,Donatella,Burns
2389,margrit.hooper@douglas,Margrit,Hooper
5141,baccio.marcacci@laposte,Baccio,Marcacci
3522,alfio.roman@hotmail,Alfio,Roman
1334,soledad.soto@hotmail,Soledad,Soto
4721,josh.cimarosa@hotmail,Josh,Cimarosa
3768,nath.rico@yahoo,Nath,Rico
1639,gary.armani@web,Gary,Armani
5149,miriam.oquendo@smith,Miriam,Oquendo
2153,monica.mohaupt@live,Monica,Mohaupt
2767,alec.ho@parra,Alec,Ho
5124,harry.fouquet@ibarra,Harry,Fouquet
2097,arcelia.babati@orange,Arcelia,Babati
4796,trinidad.vespa@gmail,Trinidad,Vespa
5849,colette.ryan@hotmail,Colette,Ryan
1495,richard.andre@porras,Richard,Andre
2462,ellinor.leclercq@gmail,Ellinor,Leclercq
2280,patricio.guillon@web,Patricio,Guillon
1877,kirsten.chindamo@carrillo,Kirsten,Chindamo
6108,leo.petruzzi@yahoo,Leo,Petruzzi
4427,margot.tomaselli@junck,Margot,Tomaselli
2881,ansaldo.marks@patel,Ansaldo,Marks
2339,regina.morin@barcaccia,Regina,Morin
5156,karla.medici@yahoo,Karla,Medici
4750,morgan.irizarry@williams,Morgan,Irizarry
4852,natividad.wong@hoevel,Natividad,Wong
5734,anna.freeman@snyder,Anna,Freeman
3801,emilia.vivaldi@garnier,Emilia,Vivaldi
4474,gerda.cook@tin,Gerda,Cook
1992,andrey.faure@frederick,Andrey,Faure
5796,charlotte.duke@ochoa,Charlotte,Duke
1373,cindy.castillo@virgilio,Cindy,Castillo
1879,hiltrud.thibault@barbe,Hiltrud,Thibault
3072,kasimir.jaime@gmail,Kasimir,Jaime
4561,sabine.lachmann@phillips,Sabine,Lachmann
5201,andrea.arroyo@yahoo,Andrea,Arroyo
5871,matthew.velasquez@gmail,Matthew,Velasquez
3041,severino.linares@angeli,Severino,Linares
5864,swantje.lomeli@gmx,Swantje,Lomeli
3999,marcus.espino@comolli,Marcus,Espino
4849,allen.gates@gmail,Allen,Gates
5461,mauricio.saunders@hotmail,Mauricio,Saunders
5946,gilbert.cornejo@hotmail,Gilbert,Cornejo
4508,letizia.gulotta@howard,Letizia,Gulotta
5096,etta.gutknecht@leconte,Etta,Gutknecht
5443,shelley.perry@gierschner,Shelley,Perry
2165,geoffrey.williams@poste,Geoffrey,Williams
2125,cory.stewart@voila,Cory,Stewart
6141,kristy.bartlett@outlook,Kristy,Bartlett
5245,gianluca.beck@green,Gianluca,Beck
2190,guido.krein@gmail,Guido,Krein
2243,leif.monnier@querini,Leif,Monnier
3336,jonas.badoer@kennedy,Jonas,Badoer
3305,devin.ebert@yahoo,Devin,Ebert
6191,slobodan.camiscione@hotmail,Slobodan,Camiscione
1326,volkmar.gauthier@hotmail,Volkmar,Gauthier
6159,jordan.rowe@outlook,Jordan,Rowe
2003,manon.daugherty@segre,Manon,Daugherty
5881,estela.segovia@vodafone,Estela,Segovia
1918,giada.celentano@evans,Giada,Celentano
2157,clayton.salcedo@hotmail,Clayton,Salcedo
3149,raven.pinto@hotmail,Raven,Pinto
2444,lewis.lewis@pisano,Lewis,Lewis
6207,rochus.rousseau@nguyen,Rochus,Rousseau
5580,belinda.gamez@leleu,Belinda,Gamez
5942,angelo.lozano@macias,Angelo,Lozano
1592,jorge.monti@clement,Jorge,Monti
2344,ricky.harrell@martin,Ricky,Harrell
5995,adriano.wulf@schmidtke,Adriano,Wulf
5022,pompeo.bourdon@gmail,Pompeo,Bourdon
5991,kristie.garrett@wernecke,Kristie,Garrett
4020,lodovico.conley@yahoo,Lodovico,Conley
6028,jean.berthelot@oscuro,Jean,Berthelot
2790,tadeusz.medina@jackson,Tadeusz,Medina
4033,ruby.carriera@hotmail,Ruby,Carriera
1261,theres.antonioni@hotmail,Theres,Antonioni
1979,gloria.morton@outlook,Gloria,Morton
2122,graziano.jensen@gmail,Graziano,Jensen
4506,gianpaolo.massey@bouvier,Gianpaolo,Massey
3016,alain.farmer@hotmail,Alain,Farmer
3272,renato.murillo@club,Renato,Murillo
1375,edda.ferraris@libero,Edda,Ferraris
4014,luce.marty@waehner,Luce,Marty
3199,rotraud.mitchell@laboratorios,Rotraud,Mitchell
2184,israel.watkins@hotmail,Israel,Watkins
2170,nathan.jennings@kim,Nathan,Jennings
1478,gavin.proietti@gmx,Gavin,Proietti
6163,emma.rios@yahoo,Emma,Rios
1889,todd.douglas@web,Todd,Douglas
5912,oscar.holsten@yahoo,Oscar,Holsten
2537,ann.peron@grupo,Ann,Peron
2118,senta.grassi@hotmail,Senta,Grassi
3234,kata.mena@gmail,Kata,Mena
3842,gianfranco.hethur@stewart,Gianfranco,Hethur
3032,florentine.saraceno@gmail,Florentine,Saraceno
3238,giuliano.bolzmann@pacillo,Giuliano,Bolzmann
2059,alwine.kostolzin@holloway,Alwine,Kostolzin
5238,giacinto.briggs@yahoo,Giacinto,Briggs
2578,holly.negrete@hotmail,Holly,Negrete
4789,mark.trapanese@gmail,Mark,Trapanese
2357,alyssa.brun@chittolini,Alyssa,Brun
1235,cristina.chevalier@proyectos,Cristina,Chevalier
3558,shannon.lefevre@gmail,Shannon,Lefevre
1707,logan.hornich@tin,Logan,Hornich
2842,rosalia.toro@free,Rosalia,Toro
5318,reiner.poerio@yahoo,Reiner,Poerio
1620,valentina.pages@hotmail,Valentina,Pages
4998,enrico.fabre@gmail,Enrico,Fabre
3111,sevim.begue@yahoo,Sevim,Begue
1424,sonja.patberg@hotmail,Sonja,Patberg
3244,christine.hiller@yahoo,Christine,Hiller
4643,maik.beasley@harper,Maik,Beasley
6132,elliot.santana@gmx,Elliot,Santana
3790,eloy.renzi@gmail,Eloy,Renzi
1312,wolf.lutz@nichols,Wolf,Lutz
5686,giuseppe.lee@mahe,Giuseppe,Lee
2111,angelica.cuellar@zaguri,Angelica,Cuellar
5685,bekir.normand@yahoo,Bekir,Normand
1905,carmine.gonzales@schleich,Carmine,Gonzales
3271,marianne.hubert@hotmail,Marianne,Hubert
4178,gonzalo.montes@hotmail,Gonzalo,Montes
3275,shelly.guichard@gmail,Shelly,Guichard
5713,tobias.carbajal@live,Tobias,Carbajal
3339,santiago.berry@aol,Santiago,Berry
5585,emilio.davenport@zamora,Emilio,Davenport
4407,maurizio.gute@knight,Maurizio,Gute
1941,nadia.travaglio@colletti,Nadia,Travaglio
4690,elisa.barkholz@sfr,Elisa,Barkholz
3607,cristal.mazzini@gmail,Cristal,Mazzini
2670,trevor.granados@gmail,Trevor,Granados
5261,matthieu.mcdonald@morrison,Matthieu,Mcdonald
4121,juliette.preston@gmail,Juliette,Preston
4620,stanislaw.montalvo@mcpherson,Stanislaw,Montalvo
4630,lilia.lollobrigida@le,Lilia,Lollobrigida
3440,brigitta.shaw@hotmail,Brigitta,Shaw
3572,rebeca.frey@gerard,Rebeca,Frey
5306,nicolas.palacios@meraz,Nicolas,Palacios
5122,susanna.bonneau@klingelhoefer,Susanna,Bonneau
1368,romina.valentine@hotmail,Romina,Valentine
5370,erika.toussaint@sfr,Erika,Toussaint
5636,lothar.laurent@garcia,Lothar,Laurent
6033,chelsea.verdugo@campbell,Chelsea,Verdugo
3599,ria.venier@murillo,Ria,Venier
5566,carly.summers@yahoo,Carly,Summers
1873,pasquale.tomasini@hotmail,Pasquale,Tomasini
3904,stefani.ughi@hotmail,Stefani,Ughi
4453,jose.huang@gmx,Jose,Huang
5481,petros.gaona@googlemail,Petros,Gaona
2987,maximilian.siering@gaito,Maximilian,Siering
2431,ermenegildo.holzapfel@aol,Ermenegildo,Holzapfel
4158,damien.leger@dixon,Damien,Leger
3753,zeferino.barrera@zedillo,Zeferino,Barrera
4391,alfred.pohl@fechner,Alfred,Pohl
2026,marissa.gaito@reed,Marissa,Gaito
4547,ariana.houston@hotmail,Ariana,Houston
2798,victor.jacobs@young,Victor,Jacobs
4732,henriette.lang@mimun,Henriette,Lang
5126,wilfriede.baca@caraballo,Wilfriede,Baca
5151,lucia.riviere@samaniego,Lucia,Riviere
2134,gordon.vigorelli@solano,Gordon,Vigorelli
5786,diethard.salgado@gmail,Diethard,Salgado
5515,sue.corrales@cardenas,Sue,Corrales
4530,arthur.salazar@yahoo,Arthur,Salazar
4088,fortunata.schneider@tiscali,Fortunata,Schneider
3667,gretchen.serna@pichon,Gretchen,Serna
3286,egon.caron@hotmail,Egon,Caron
4804,roberta.finzi@knight,Roberta,Finzi
5768,editha.savage@davies,Editha,Savage
6098,allan.emanuelli@fernandes,Allan,Emanuelli
2508,laurence.lucero@martin,Laurence,Lucero
5779,istvan.draghi@ifrance,Istvan,Draghi
1717,luigi.bonnet@carriera,Luigi,Bonnet
3368,yuridia.fantozzi@mcdonald,Yuridia,Fantozzi
4265,eraldo.schmiedt@hotmail,Eraldo,Schmiedt
4455,antoinette.cox@bustamante,Antoinette,Cox
2940,cameron.ocampo@hotmail,Cameron,Ocampo
6144,lynn.lawson@leclercq,Lynn,Lawson
3657,natalia.seifert@ifrance,Natalia,Seifert
1537,nuray.anguillara@yahoo,Nuray,Anguillara
2116,beate.morgan@gmail,Beate,Morgan
5102,mario.rees@gmx,Mario,Rees
5815,galasso.junken@yahoo,Galasso,Junken
4250,luca.moses@franke,Luca,Moses
4533,aurelio.gertz@hewitt,Aurelio,Gertz
3329,uberto.steele@outlook,Uberto,Steele
3606,annie.hunter@allen,Annie,Hunter
4749,jo.mccarty@hotmail,Jo,Mccarty
2222,eitel.lombard@thomas,Eitel,Lombard
1939,susan.vigliotti@yahoo,Susan,Vigliotti
2456,jacqueline.germano@valette,Jacqueline,Germano
2794,fidel.ruppert@yahoo,Fidel,Ruppert
2648,margaret.eigenwillig@yahoo,Margaret,Eigenwillig
2545,yvette.harding@yahoo,Yvette,Harding
3273,federigo.karge@bohlander,Federigo,Karge
6155,guenther.armenta@free,Guenther,Armenta
6064,coriolano.higgins@murphy,Coriolano,Higgins
1729,felix.rubio@ebert,Felix,Rubio
4969,melanie.leveque@fleury,Melanie,Leveque
3402,abbie.galeati@ubaldi,Abbie,Galeati
2810,vittorio.caccioppoli@yahoo,Vittorio,Caccioppoli
2217,biagio.valenzuela@robinson,Biagio,Valenzuela
5140,dario.green@live,Dario,Green
4497,alwina.textor@poste,Alwina,Textor
5100,diether.baeza@grupo,Diether,Baeza
3390,sole.trevino@hotmail,Sole,Trevino
1926,darren.bernardi@brooks,Darren,Bernardi
3264,martina.heser@morellato,Martina,Heser
2573,bethan.giacometti@gmail,Bethan,Giacometti
3628,ethan.duhamel@sfr,Ethan,Duhamel
3826,corrado.warren@hotmail,Corrado,Warren
5983,damian.pulido@yahoo,Damian,Pulido
5678,dino.osborne@despacho,Dino,Osborne
2093,nicolaus.bernetti@aol,Nicolaus,Bernetti
5333,gianna.carroll@perez,Gianna,Carroll
5139,grit.knight@web,Grit,Knight
3173,erin.weinhold@hotmail,Erin,Weinhold
3333,craig.jordan@gmail,Craig,Jordan
2262,homero.respighi@gmail,Homero,Respighi
1531,fanny.pertile@gmail,Fanny,Pertile
4881,fridolin.comboni@graf,Fridolin,Comboni
3928,hugh.cantu@libero,Hugh,Cantu
1803,alphons.simmons@hotmail,Alphons,Simmons
2321,ludovico.cafarchia@gmail,Ludovico,Cafarchia
6234,nico.kaiser@almonte,Nico,Kaiser
1422,kirsty.lamy@alonzi,Kirsty,Lamy
2660,joshua.scheibe@turci,Joshua,Scheibe
5361,carin.pineau@yahoo,Carin,Pineau
3420,ellie.galarza@pareto,Ellie,Galarza
4337,marion.lira@ifrance,Marion,Lira
2338,aurelia.angiolello@lord,Aurelia,Angiolello
4140,maura.ravaglioli@yahoo,Maura,Ravaglioli
2373,brunhilde.fletcher@schomber,Brunhilde,Fletcher
1344,ottfried.marques@tyler,Ottfried,Marques
2141,christelle.blasi@morris,Christelle,Blasi
3415,augusto.vercelloni@club,Augusto,Vercelloni
5696,michela.pruvost@holt,Michela,Pruvost
1798,guarino.escalante@hotmail,Guarino,Escalante
1657,gabriela.padilla@pearson,Gabriela,Padilla
3651,agathe.dias@jackson,Agathe,Dias
3574,werner.kallert@gmail,Werner,Kallert
6063,lore.delaunay@yahoo,Lore,Delaunay
2404,enzio.campos@tim,Enzio,Campos
2705,walther.duarte@web,Walther,Duarte
5059,adelgunde.trevisan@gmail,Adelgunde,Trevisan
5466,thierry.schwartz@travaglio,Thierry,Schwartz
5821,katie.andersen@haney,Katie,Andersen
5385,kathy.zamorani@hotmail,Kathy,Zamorani
3506,giuseppina.tanguy@wanadoo,Giuseppina,Tanguy
5427,jack.klapp@hotmail,Jack,Klapp
6142,tom.leconte@woods,Tom,Leconte
2873,bonnie.cignaroli@yahoo,Bonnie,Cignaroli
3916,danny.farrell@hotmail,Danny,Farrell
1687,fiorenzo.bauer@gmail,Fiorenzo,Bauer
1542,randy.alfieri@verri,Randy,Alfieri
3087,tim.bradley@schlosser,Tim,Bradley
3857,yves.mendez@gmail,Yves,Mendez
5921,raffaella.esquivel@gmail,Raffaella,Esquivel
3144,lawrence.vasari@castillo,Lawrence,Vasari
2676,sam.adams@yahoo,Sam,Adams
3646,mirco.nicolini@blin,Mirco,Nicolini
1321,graham.bajardi@yahoo,Graham,Bajardi
1399,luc.quinn@walker,Luc,Quinn
3169,stella.ullrich@hotmail,Stella,Ullrich
2058,calcedonio.remy@edwards,Calcedonio,Remy
1300,nanni.almaraz@martin,Nanni,Almaraz
2075,pascual.corradi@lopez,Pascual,Corradi
2984,kristi.grant@yahoo,Kristi,Grant
4768,manuel.gracia@trussardi,Manuel,Gracia
3682,gionata.hussain@yahoo,Gionata,Hussain
5901,maria.nguyen@hernadez,Maria,Nguyen
3540,leon.baker@hotmail,Leon,Baker
2225,gianmarco.alcaraz@zacchia,Gianmarco,Alcaraz
1485,derrick.little@small,Derrick,Little
5343,terry.ramirez@hotmail,Terry,Ramirez
5594,katarina.clarke@hotmail,Katarina,Clarke
2482,leila.washington@gmail,Leila,Washington
2706,mirko.townsend@schmitt,Mirko,Townsend
4861,randall.connolly@jovinelli,Randall,Connolly
2961,pia.burgess@proyectos,Pia,Burgess
3043,justine.mancini@tiscali,Justine,Mancini
6103,reynaldo.wagenknecht@faure,Reynaldo,Wagenknecht
4708,toni.magrassi@gmail,Toni,Magrassi
4395,patrizio.cisneros@martinez,Patrizio,Cisneros
4912,durante.lindner@picard,Durante,Lindner
2030,rosl.lamborghini@hiller,Rosl,Lamborghini
5235,ugo.harrison@morley,Ugo,Harrison
5001,isidor.carpenter@chauvin,Isidor,Carpenter
4093,marie.zoppetto@kallert,Marie,Zoppetto
2576,branko.chambers@ifrance,Branko,Chambers
6122,alan.pineda@proyectos,Alan,Pineda
2813,carmen.oestrovsky@gmail,Carmen,Oestrovsky
3737,shane.fernandez@hotmail,Shane,Fernandez
2803,debbie.guilbert@berg,Debbie,Guilbert
5508,vito.dossi@hotmail,Vito,Dossi
3850,evan.schacht@price,Evan,Schacht
4220,mandy.weston@free,Mandy,Weston
4532,paulo.zito@nelson,Paulo,Zito
6013,alberto.girschner@laboratorios,Alberto,Girschner
3396,giacomo.bouvet@gmail,Giacomo,Bouvet
4401,ehrentraud.puga@laboratorios,Ehrentraud,Puga
2981,cristian.hale@hotmail,Cristian,Hale
4467,lilija.charles@gmail,Lilija,Charles
1377,albert.legendre@lee,Albert,Legendre
5036,marisa.renaud@smith,Marisa,Renaud
5761,sharon.diallo@gmail,Sharon,Diallo
3699,eduardo.delattre@lynch,Eduardo,Delattre
4519,bernadette.wang@gmail,Bernadette,Wang
5395,dina.gibbons@brewer,Dina,Gibbons
3057,clara.armstrong@vodafone,Clara,Armstrong
2741,elliott.herrmann@hotmail,Elliott,Herrmann
1675,graziella.vidal@hotmail,Graziella,Vidal
2712,francisca.becerra@young,Francisca,Becerra
4527,edeltrud.boyer@outlook,Edeltrud,Boyer
1722,julian.noble@hill,Julian,Noble
4330,christophe.bohnbach@ifrance,Christophe,Bohnbach
5219,ippazio.angulo@yahoo,Ippazio,Angulo
4997,grace.kroker@hotmail,Grace,Kroker
2239,jared.ferguson@roberts,Jared,Ferguson
4587,virginie.mclean@yahoo,Virginie,McLean
4113,mason.potter@gmail,Mason,Potter
4762,aaron.anaya@hotmail,Aaron,Anaya
5242,leah.ornelas@gmail,Leah,Ornelas
5765,harald.roy@web,Harald,Roy
2185,micaela.martel@hotmail,Micaela,Martel
5500,vincentio.sanders@voila,Vincentio,Sanders
3494,bettina.norbiato@allen,Bettina,Norbiato
3924,julio.renner@industrias,Julio,Renner
3521,jelena.stiffel@trupp,Jelena,Stiffel
5262,guadalupe.munoz@murray,Guadalupe,Munoz
3684,whitney.noack@laboratorios,Whitney,Noack
5784,gelsomina.migliaccio@junk,Gelsomina,Migliaccio
1498,evangelista.pereira@thompson,Evangelista,Pereira
6073,gareth.comolli@tiscali,Gareth,Comolli
4939,michelangelo.hess@bouygtel,Michelangelo,Hess
